CREATE MEMORY TABLE LETTCCMMNCLCODE(CL_CODE CHAR(3) NOT NULL PRIMARY KEY,CL_CODE_NM VARCHAR(60),CL_CODE_DC VARCHAR(200),USE_AT CHAR(1),FRST_REGIST_PNTTM TIMESTAMP,FRST_REGISTER_ID VARCHAR(20),LAST_UPDT_PNTTM TIMESTAMP,LAST_UPDUSR_ID VARCHAR(20))
CREATE MEMORY TABLE LETTCCMMNCODE(CODE_ID VARCHAR(6) NOT NULL PRIMARY KEY,CODE_ID_NM VARCHAR(60),CODE_ID_DC VARCHAR(200),USE_AT CHAR(1),CL_CODE CHAR(3),FRST_REGIST_PNTTM TIMESTAMP,FRST_REGISTER_ID VARCHAR(20),LAST_UPDT_PNTTM TIMESTAMP,LAST_UPDUSR_ID VARCHAR(20),CONSTRAINT SYS_FK_86 FOREIGN KEY(CL_CODE) REFERENCES LETTCCMMNCLCODE(CL_CODE))
CREATE MEMORY TABLE LETTCCMMNDETAILCODE(CODE_ID VARCHAR(6) NOT NULL,CODE VARCHAR(15) NOT NULL,CODE_NM VARCHAR(60),CODE_DC VARCHAR(200),USE_AT CHAR(1),FRST_REGIST_PNTTM TIMESTAMP,FRST_REGISTER_ID VARCHAR(20),LAST_UPDT_PNTTM TIMESTAMP,LAST_UPDUSR_ID VARCHAR(20),PRIMARY KEY(CODE_ID,CODE),CONSTRAINT SYS_FK_89 FOREIGN KEY(CODE_ID) REFERENCES LETTCCMMNCODE(CODE_ID))
CREATE MEMORY TABLE LETTHEMPLYRINFOCHANGEDTLS(EMPLYR_ID VARCHAR(20) NOT NULL,CHANGE_DE CHAR(20) NOT NULL,ORGNZT_ID CHAR(20),GROUP_ID CHAR(20),EMPL_NO VARCHAR(20) NOT NULL,SEXDSTN_CODE CHAR(1),BRTHDY CHAR(20),FXNUM VARCHAR(20),HOUSE_ADRES VARCHAR(100) NOT NULL,HOUSE_END_TELNO VARCHAR(4),AREA_NO VARCHAR(4),DETAIL_ADRES VARCHAR(100) NOT NULL,ZIP VARCHAR(6) NOT NULL,OFFM_TELNO VARCHAR(20),MBTLNUM VARCHAR(20) NOT NULL,EMAIL_ADRES VARCHAR(50),HOUSE_MIDDLE_TELNO VARCHAR(4),PSTINST_CODE CHAR(8),EMPLYR_STTUS_CODE VARCHAR(15) NOT NULL,ESNTL_ID CHAR(20),PRIMARY KEY(EMPLYR_ID,CHANGE_DE))
CREATE MEMORY TABLE LETTNAUTHORGROUPINFO(GROUP_ID CHAR(20) NOT NULL PRIMARY KEY,GROUP_NM VARCHAR(60) NOT NULL,GROUP_CREAT_DE CHAR(20) NOT NULL,GROUP_DC VARCHAR(100))
CREATE MEMORY TABLE LETTNAUTHORINFO(AUTHOR_CODE VARCHAR(30) NOT NULL PRIMARY KEY,AUTHOR_NM VARCHAR(60) NOT NULL,AUTHOR_DC VARCHAR(200),AUTHOR_CREAT_DE CHAR(20) NOT NULL)
CREATE MEMORY TABLE LETTNBBS(NTT_ID NUMERIC(20) NOT NULL,BBS_ID CHAR(20) NOT NULL,NTT_NO NUMERIC(20),NTT_SJ VARCHAR(2000),NTT_CN LONGVARCHAR,ANSWER_AT CHAR(1),PARNTSCTT_NO NUMERIC(10),ANSWER_LC INTEGER,SORT_ORDR NUMERIC(8),RDCNT NUMERIC(10),USE_AT CHAR(1) NOT NULL,NTCE_BGNDE CHAR(20),NTCE_ENDDE CHAR(20),NTCR_ID VARCHAR(20),NTCR_NM VARCHAR(20),PASSWORD VARCHAR(200),ATCH_FILE_ID CHAR(20),FRST_REGIST_PNTTM TIMESTAMP NOT NULL,FRST_REGISTER_ID VARCHAR(20) NOT NULL,LAST_UPDT_PNTTM TIMESTAMP,LAST_UPDUSR_ID VARCHAR(20),PRIMARY KEY(NTT_ID,BBS_ID))
CREATE MEMORY TABLE LETTNBBSMASTER(BBS_ID CHAR(20) NOT NULL PRIMARY KEY,BBS_NM VARCHAR(255) NOT NULL,BBS_INTRCN VARCHAR(2400),BBS_TY_CODE CHAR(6) NOT NULL,BBS_ATTRB_CODE CHAR(6) NOT NULL,REPLY_POSBL_AT CHAR(1),FILE_ATCH_POSBL_AT CHAR(1) NOT NULL,ATCH_POSBL_FILE_NUMBER NUMERIC(2) NOT NULL,ATCH_POSBL_FILE_SIZE NUMERIC(8),USE_AT CHAR(1) NOT NULL,TMPLAT_ID CHAR(20),FRST_REGISTER_ID VARCHAR(20) NOT NULL,FRST_REGIST_PNTTM TIMESTAMP NOT NULL,LAST_UPDUSR_ID VARCHAR(20),LAST_UPDT_PNTTM TIMESTAMP)
CREATE MEMORY TABLE LETTNBBSMASTEROPTN(BBS_ID CHAR(20) DEFAULT '' NOT NULL PRIMARY KEY,ANSWER_AT CHAR(1) DEFAULT '' NOT NULL,STSFDG_AT CHAR(1) DEFAULT '' NOT NULL,FRST_REGIST_PNTTM TIMESTAMP DEFAULT '1970-01-01 00:00:00.0' NOT NULL,LAST_UPDT_PNTTM TIMESTAMP,FRST_REGISTER_ID VARCHAR(20) DEFAULT '' NOT NULL,LAST_UPDUSR_ID VARCHAR(20))
CREATE MEMORY TABLE LETTNBBSUSE(BBS_ID CHAR(20) NOT NULL,TRGET_ID CHAR(20) NOT NULL,USE_AT CHAR(1) NOT NULL,REGIST_SE_CODE CHAR(6),FRST_REGIST_PNTTM TIMESTAMP,FRST_REGISTER_ID VARCHAR(20) NOT NULL,LAST_UPDT_PNTTM TIMESTAMP,LAST_UPDUSR_ID VARCHAR(20),PRIMARY KEY(BBS_ID,TRGET_ID),CONSTRAINT SYS_FK_98 FOREIGN KEY(BBS_ID) REFERENCES LETTNBBSMASTER(BBS_ID))
CREATE MEMORY TABLE LETTNEMPLYRINFO(EMPLYR_ID VARCHAR(20) NOT NULL PRIMARY KEY,ORGNZT_ID CHAR(20),USER_NM VARCHAR(60) NOT NULL,PASSWORD VARCHAR(200) NOT NULL,EMPL_NO VARCHAR(20),IHIDNUM VARCHAR(13),SEXDSTN_CODE CHAR(1),BRTHDY CHAR(20),FXNUM VARCHAR(20),HOUSE_ADRES VARCHAR(100) NOT NULL,PASSWORD_HINT VARCHAR(100) NOT NULL,PASSWORD_CNSR VARCHAR(100) NOT NULL,HOUSE_END_TELNO VARCHAR(4) NOT NULL,AREA_NO VARCHAR(4) NOT NULL,DETAIL_ADRES VARCHAR(100),ZIP VARCHAR(6) NOT NULL,OFFM_TELNO VARCHAR(20),MBTLNUM VARCHAR(20) NOT NULL,EMAIL_ADRES VARCHAR(50),OFCPS_NM VARCHAR(60),HOUSE_MIDDLE_TELNO VARCHAR(4) NOT NULL,GROUP_ID CHAR(20),PSTINST_CODE CHAR(8),EMPLYR_STTUS_CODE VARCHAR(15) NOT NULL,ESNTL_ID CHAR(20) NOT NULL,CRTFC_DN_VALUE VARCHAR(20),SBSCRB_DE TIMESTAMP,CONSTRAINT SYS_FK_101 FOREIGN KEY(GROUP_ID) REFERENCES LETTNAUTHORGROUPINFO(GROUP_ID) ON DELETE CASCADE)
CREATE MEMORY TABLE LETTNEMPLYRSCRTYESTBS(SCRTY_DTRMN_TRGET_ID VARCHAR(20) NOT NULL PRIMARY KEY,MBER_TY_CODE VARCHAR(15),AUTHOR_CODE VARCHAR(30) NOT NULL,CONSTRAINT SYS_FK_104 FOREIGN KEY(SCRTY_DTRMN_TRGET_ID) REFERENCES LETTNEMPLYRINFO(EMPLYR_ID),CONSTRAINT SYS_FK_113 FOREIGN KEY(AUTHOR_CODE) REFERENCES LETTNAUTHORINFO(AUTHOR_CODE))
CREATE MEMORY TABLE LETTNENTRPRSMBER(ENTRPRS_MBER_ID VARCHAR(20) NOT NULL PRIMARY KEY,ENTRPRS_SE_CODE CHAR(15),BIZRNO VARCHAR(10),JURIRNO VARCHAR(13),CMPNY_NM VARCHAR(60) NOT NULL,CXFC VARCHAR(50),ZIP VARCHAR(6) NOT NULL,ADRES VARCHAR(100) NOT NULL,ENTRPRS_MIDDLE_TELNO VARCHAR(4) NOT NULL,FXNUM VARCHAR(20),INDUTY_CODE CHAR(15),APPLCNT_NM VARCHAR(50) NOT NULL,APPLCNT_IHIDNUM VARCHAR(13),SBSCRB_DE TIMESTAMP,ENTRPRS_MBER_STTUS VARCHAR(15),ENTRPRS_MBER_PASSWORD VARCHAR(200),ENTRPRS_MBER_PASSWORD_HINT VARCHAR(100) NOT NULL,ENTRPRS_MBER_PASSWORD_CNSR VARCHAR(100) NOT NULL,GROUP_ID CHAR(20),DETAIL_ADRES VARCHAR(100),ENTRPRS_END_TELNO VARCHAR(4) NOT NULL,AREA_NO VARCHAR(4) NOT NULL,APPLCNT_EMAIL_ADRES VARCHAR(50) NOT NULL,ESNTL_ID CHAR(20) NOT NULL,CONSTRAINT SYS_FK_116 FOREIGN KEY(GROUP_ID) REFERENCES LETTNAUTHORGROUPINFO(GROUP_ID) ON DELETE CASCADE)
CREATE MEMORY TABLE LETTNFILE(ATCH_FILE_ID CHAR(20) NOT NULL PRIMARY KEY,CREAT_DT TIMESTAMP NOT NULL,USE_AT CHAR(1))
CREATE MEMORY TABLE LETTNFILEDETAIL(ATCH_FILE_ID CHAR(20) NOT NULL,FILE_SN NUMERIC(10) NOT NULL,FILE_STRE_COURS VARCHAR(2000) NOT NULL,STRE_FILE_NM VARCHAR(255) NOT NULL,ORIGNL_FILE_NM VARCHAR(255),FILE_EXTSN VARCHAR(20) NOT NULL,FILE_CN LONGVARCHAR,FILE_SIZE NUMERIC(8),PRIMARY KEY(ATCH_FILE_ID,FILE_SN),CONSTRAINT SYS_FK_119 FOREIGN KEY(ATCH_FILE_ID) REFERENCES LETTNFILE(ATCH_FILE_ID))
CREATE MEMORY TABLE LETTNGNRLMBER(MBER_ID VARCHAR(20) NOT NULL PRIMARY KEY,PASSWORD VARCHAR(200) NOT NULL,PASSWORD_HINT VARCHAR(100),PASSWORD_CNSR VARCHAR(100),IHIDNUM VARCHAR(13),MBER_NM VARCHAR(50) NOT NULL,ZIP VARCHAR(6) NOT NULL,ADRES VARCHAR(100) NOT NULL,AREA_NO VARCHAR(4) NOT NULL,MBER_STTUS VARCHAR(15),DETAIL_ADRES VARCHAR(100),END_TELNO VARCHAR(4) NOT NULL,MBTLNUM VARCHAR(20) NOT NULL,GROUP_ID CHAR(20),MBER_FXNUM VARCHAR(20),MBER_EMAIL_ADRES VARCHAR(50),MIDDLE_TELNO VARCHAR(4) NOT NULL,SBSCRB_DE TIMESTAMP,SEXDSTN_CODE CHAR(1),ESNTL_ID CHAR(20) NOT NULL,CONSTRAINT SYS_FK_122 FOREIGN KEY(GROUP_ID) REFERENCES LETTNAUTHORGROUPINFO(GROUP_ID) ON DELETE CASCADE)
CREATE MEMORY TABLE LETTNORGNZTINFO(ORGNZT_ID CHAR(20) NOT NULL PRIMARY KEY,ORGNZT_NM VARCHAR(20) NOT NULL,ORGNZT_DC VARCHAR(100))
CREATE MEMORY TABLE LETTNSCHDULINFO(SCHDUL_ID CHAR(20) NOT NULL PRIMARY KEY,SCHDUL_SE CHAR(1),SCHDUL_DEPT_ID VARCHAR(20),SCHDUL_KND_CODE VARCHAR(20),SCHDUL_BEGINDE TIMESTAMP,SCHDUL_ENDDE TIMESTAMP,SCHDUL_NM VARCHAR(255),SCHDUL_CN VARCHAR(2500),SCHDUL_PLACE VARCHAR(255),SCHDUL_IPCR_CODE CHAR(1),SCHDUL_CHARGER_ID VARCHAR(20),ATCH_FILE_ID CHAR(20),FRST_REGIST_PNTTM TIMESTAMP,FRST_REGISTER_ID VARCHAR(20),LAST_UPDT_PNTTM TIMESTAMP,LAST_UPDUSR_ID VARCHAR(20),REPTIT_SE_CODE CHAR(3))
CREATE MEMORY TABLE IDS(TABLE_NAME VARCHAR(20) DEFAULT '' NOT NULL PRIMARY KEY,NEXT_ID NUMERIC(30) DEFAULT 0 NOT NULL)
CREATE MEMORY TABLE COMTECOPSEQ(TABLE_NAME VARCHAR(20) DEFAULT '' NOT NULL PRIMARY KEY,NEXT_ID NUMERIC(30) DEFAULT 0 NOT NULL)
ALTER TABLE LETTHEMPLYRINFOCHANGEDTLS ADD CONSTRAINT SYS_FK_92 FOREIGN KEY(EMPLYR_ID) REFERENCES LETTNEMPLYRINFO(EMPLYR_ID)
ALTER TABLE LETTNBBS ADD CONSTRAINT SYS_FK_95 FOREIGN KEY(BBS_ID) REFERENCES LETTNBBSMASTER(BBS_ID)
ALTER TABLE LETTNEMPLYRSCRTYESTBS ADD CONSTRAINT SYS_FK_107 FOREIGN KEY(SCRTY_DTRMN_TRGET_ID) REFERENCES LETTNENTRPRSMBER(ENTRPRS_MBER_ID)
ALTER TABLE LETTNEMPLYRSCRTYESTBS ADD CONSTRAINT SYS_FK_110 FOREIGN KEY(SCRTY_DTRMN_TRGET_ID) REFERENCES LETTNGNRLMBER(MBER_ID)
SET WRITE_DELAY 20
SET SCHEMA PUBLIC
INSERT INTO LETTCCMMNCLCODE VALUES('LET','전자정부 프레임워크 경량환경 템플릿','전자정부 프레임워크 경량환경 템플릿','Y','2011-08-31 00:00:00.000000000','SYSTEM','2011-08-31 00:00:00.000000000','SYSTEM')
INSERT INTO LETTCCMMNCODE VALUES('COM001','등록구분','게시판, 커뮤니티, 동호회 등록구분코드','Y','LET','2011-08-31 00:00:00.000000000','SYSTEM','2011-08-31 00:00:00.000000000','SYSTEM')
INSERT INTO LETTCCMMNCODE VALUES('COM003','업무구분','업무구분코드','Y','LET','2011-08-31 00:00:00.000000000','SYSTEM','2011-08-31 00:00:00.000000000','SYSTEM')
INSERT INTO LETTCCMMNCODE VALUES('COM004','게시판유형','게시판유형구분코드','Y','LET','2011-08-31 00:00:00.000000000','SYSTEM','2011-08-31 00:00:00.000000000','SYSTEM')
INSERT INTO LETTCCMMNCODE VALUES('COM005','템플릿유형','템플릿유형구분코드','Y','LET','2011-08-31 00:00:00.000000000','SYSTEM','2011-08-31 00:00:00.000000000','SYSTEM')
INSERT INTO LETTCCMMNCODE VALUES('COM009','게시판속성','게시판 속성','Y','LET','2011-08-31 00:00:00.000000000','SYSTEM','2011-08-31 00:00:00.000000000','SYSTEM')
INSERT INTO LETTCCMMNCODE VALUES('COM019','일정중요도','일정중요도 낮음/보통/높음 상태구분','Y','LET','2011-08-31 00:00:00.000000000','SYSTEM','2011-08-31 00:00:00.000000000','SYSTEM')
INSERT INTO LETTCCMMNCODE VALUES('COM030','일정구분','일정구분 코드','Y','LET','2011-08-31 00:00:00.000000000','SYSTEM','2011-08-31 00:00:00.000000000','SYSTEM')
INSERT INTO LETTCCMMNCODE VALUES('COM031','반복구분','일정 반복구분 코드','Y','LET','2011-08-31 00:00:00.000000000','SYSTEM','2011-08-31 00:00:00.000000000','SYSTEM')
INSERT INTO LETTCCMMNDETAILCODE VALUES('COM001','REGC01','단일 게시판 이용등록','단일 게시판 이용등록','Y','2011-08-31 00:00:00.000000000','SYSTEM','2011-08-31 00:00:00.000000000','SYSTEM')
INSERT INTO LETTCCMMNDETAILCODE VALUES('COM001','REGC07','게시판사용자등록','게시판사용자등록','Y','2011-08-31 00:00:00.000000000','SYSTEM','2011-08-31 00:00:00.000000000','SYSTEM')
INSERT INTO LETTCCMMNDETAILCODE VALUES('COM003','BBS','게시판','게시판','Y','2011-08-31 00:00:00.000000000','SYSTEM','2011-08-31 00:00:00.000000000','SYSTEM')
INSERT INTO LETTCCMMNDETAILCODE VALUES('COM004','BBST01','일반게시판','일반게시판','Y','2011-08-31 00:00:00.000000000','SYSTEM','2011-08-31 00:00:00.000000000','SYSTEM')
INSERT INTO LETTCCMMNDETAILCODE VALUES('COM004','BBST02','익명게시판','익명게시판','Y','2011-08-31 00:00:00.000000000','SYSTEM','2011-08-31 00:00:00.000000000','SYSTEM')
INSERT INTO LETTCCMMNDETAILCODE VALUES('COM004','BBST03','공지게시판','공지게시판','Y','2011-08-31 00:00:00.000000000','SYSTEM','2011-08-31 00:00:00.000000000','SYSTEM')
INSERT INTO LETTCCMMNDETAILCODE VALUES('COM004','BBST04','방명록','방명록','Y','2011-08-31 00:00:00.000000000','SYSTEM','2011-08-31 00:00:00.000000000','SYSTEM')
INSERT INTO LETTCCMMNDETAILCODE VALUES('COM005','TMPT01','게시판템플릿','게시판템플릿','Y','2011-08-31 00:00:00.000000000','SYSTEM','2011-08-31 00:00:00.000000000','SYSTEM')
INSERT INTO LETTCCMMNDETAILCODE VALUES('COM009','BBSA01','유효게시판','유효게시판','Y','2011-08-31 00:00:00.000000000','SYSTEM','2011-08-31 00:00:00.000000000','SYSTEM')
INSERT INTO LETTCCMMNDETAILCODE VALUES('COM009','BBSA02','갤러리','갤러리','Y','2011-08-31 00:00:00.000000000','SYSTEM','2011-08-31 00:00:00.000000000','SYSTEM')
INSERT INTO LETTCCMMNDETAILCODE VALUES('COM009','BBSA03','일반게시판','일반게시판','Y','2011-08-31 00:00:00.000000000','SYSTEM','2011-08-31 00:00:00.000000000','SYSTEM')
INSERT INTO LETTCCMMNDETAILCODE VALUES('COM019','A','높음','높음','Y','2011-08-31 00:00:00.000000000','SYSTEM','2011-08-31 00:00:00.000000000','SYSTEM')
INSERT INTO LETTCCMMNDETAILCODE VALUES('COM019','B','보통','보통','Y','2011-08-31 00:00:00.000000000','SYSTEM','2011-08-31 00:00:00.000000000','SYSTEM')
INSERT INTO LETTCCMMNDETAILCODE VALUES('COM019','C','낮음','낮음','Y','2011-08-31 00:00:00.000000000','SYSTEM','2011-08-31 00:00:00.000000000','SYSTEM')
INSERT INTO LETTCCMMNDETAILCODE VALUES('COM030','1','회의','회의','Y','2011-08-31 00:00:00.000000000','SYSTEM','2011-08-31 00:00:00.000000000','SYSTEM')
INSERT INTO LETTCCMMNDETAILCODE VALUES('COM030','2','세미나','세미나','Y','2011-08-31 00:00:00.000000000','SYSTEM','2011-08-31 00:00:00.000000000','SYSTEM')
INSERT INTO LETTCCMMNDETAILCODE VALUES('COM030','3','강의','강의','Y','2011-08-31 00:00:00.000000000','SYSTEM','2011-08-31 00:00:00.000000000','SYSTEM')
INSERT INTO LETTCCMMNDETAILCODE VALUES('COM030','4','교육','교육','Y','2011-08-31 00:00:00.000000000','SYSTEM','2011-08-31 00:00:00.000000000','SYSTEM')
INSERT INTO LETTCCMMNDETAILCODE VALUES('COM030','5','기타','기타','Y','2011-08-31 00:00:00.000000000','SYSTEM','2011-08-31 00:00:00.000000000','SYSTEM')
INSERT INTO LETTCCMMNDETAILCODE VALUES('COM031','1','당일','당일','Y','2011-08-31 00:00:00.000000000','SYSTEM','2011-08-31 00:00:00.000000000','SYSTEM')
INSERT INTO LETTCCMMNDETAILCODE VALUES('COM031','2','반복','반복','Y','2011-08-31 00:00:00.000000000','SYSTEM','2011-08-31 00:00:00.000000000','SYSTEM')
INSERT INTO LETTCCMMNDETAILCODE VALUES('COM031','3','연속','연속','Y','2011-08-31 00:00:00.000000000','SYSTEM','2011-08-31 00:00:00.000000000','SYSTEM')
INSERT INTO LETTCCMMNDETAILCODE VALUES('COM031','4','요일반복','요일반복','Y','2011-08-31 00:00:00.000000000','SYSTEM','2011-08-31 00:00:00.000000000','SYSTEM')
INSERT INTO LETTNORGNZTINFO VALUES ('ORGNZT_0000000000000','기본조직','기본조직')
INSERT INTO LETTNAUTHORGROUPINFO VALUES ('GROUP_00000000000000','ROLE_ADMIN','2024-07-31','관리자 그룹입니다')
INSERT INTO LETTNAUTHORGROUPINFO VALUES ('GROUP_00000000000001','ROLE_USER','2024-07-31','사용자 그룹입니다')
INSERT INTO LETTNBBSMASTER VALUES('BBSMSTR_AAAAAAAAAAAA','공지사항','공지사항게시판','BBST03','BBSA03','Y','Y',2,5242880,'Y','TMPLAT_BOARD_DEFAULT','USRCNFRM_00000000000','2011-08-31 12:00:00.000000000','USRCNFRM_00000000000','2011-08-31 12:00:00.000000000')
INSERT INTO LETTNBBSMASTER VALUES('BBSMSTR_BBBBBBBBBBBB','갤러리','갤러리게시판','BBST01','BBSA02','Y','Y',2,5242880,'Y','TMPLAT_BOARD_DEFAULT','USRCNFRM_00000000000','2011-08-31 12:00:00.000000000','USRCNFRM_00000000000','2011-08-31 12:00:00.000000000')
INSERT INTO LETTNBBSUSE VALUES('BBSMSTR_AAAAAAAAAAAA','SYSTEM_DEFAULT_BOARD','Y','REGC01','2011-08-31 12:00:00.000000000','USRCNFRM_00000000000','2011-08-31 12:00:00.000000000','USRCNFRM_00000000000')
INSERT INTO LETTNBBSUSE VALUES('BBSMSTR_BBBBBBBBBBBB','SYSTEM_DEFAULT_BOARD','Y','REGC01','2011-08-31 12:00:00.000000000','USRCNFRM_00000000000','2011-08-31 12:00:00.000000000','USRCNFRM_00000000000')

INSERT INTO LETTNBBS VALUES(1,'BBSMSTR_AAAAAAAAAAAA',1,'[공지] 9월 정기 점검 안내','9월 정기 점검 일정과 영향 범위를 안내드립니다.','N',0,0,0,0,'Y',NULL,NULL,'USRCNFRM_00000000000','관리자','4/hNOJJJTB26aAcPzaEFoGQQ5eTP/cEzxFqbgzqHE30=','                    ',CURRENT_TIMESTAMP,'USRCNFRM_00000000000',NULL,NULL)
INSERT INTO LETTNBBS VALUES(2,'BBSMSTR_AAAAAAAAAAAA',2,'[점검 완료] 서비스 정상화 보고','정기 점검이 정상 종료되었습니다. 상세 내역을 공유합니다.','N',0,0,0,0,'Y',NULL,NULL,'USRCNFRM_00000000000','관리자','4/hNOJJJTB26aAcPzaEFoGQQ5eTP/cEzxFqbgzqHE30=','                    ',CURRENT_TIMESTAMP,'USRCNFRM_00000000000',NULL,NULL)
INSERT INTO LETTNBBS VALUES(3,'BBSMSTR_AAAAAAAAAAAA',3,'신규 기능: 알림센터 오픈','알림센터 기능이 추가되었습니다. 사용 방법을 안내드립니다.','N',0,0,0,0,'Y',NULL,NULL,'USRCNFRM_00000000000','관리자','4/hNOJJJTB26aAcPzaEFoGQQ5eTP/cEzxFqbgzqHE30=','                    ',CURRENT_TIMESTAMP,'USRCNFRM_00000000000',NULL,NULL)
INSERT INTO LETTNBBS VALUES(4,'BBSMSTR_AAAAAAAAAAAA',4,'약관 개정 사전 안내(10/1 시행)','서비스 이용약관 및 개인정보처리방침 개정 내용을 안내합니다.','N',0,0,0,0,'Y',NULL,NULL,'USRCNFRM_00000000000','관리자','4/hNOJJJTB26aAcPzaEFoGQQ5eTP/cEzxFqbgzqHE30=','                    ',CURRENT_TIMESTAMP,'USRCNFRM_00000000000',NULL,NULL)
INSERT INTO LETTNBBS VALUES(5,'BBSMSTR_AAAAAAAAAAAA',5,'보안 공지: 비밀번호 재설정 권고','계정 보안을 위해 비밀번호 재설정을 권고드립니다.','N',0,0,0,0,'Y',NULL,NULL,'USRCNFRM_00000000000','관리자','4/hNOJJJTB26aAcPzaEFoGQQ5eTP/cEzxFqbgzqHE30=','                    ',CURRENT_TIMESTAMP,'USRCNFRM_00000000000',NULL,NULL)
INSERT INTO LETTNBBS VALUES(6,'BBSMSTR_AAAAAAAAAAAA',6,'추석 연휴 고객센터 운영 안내','추석 연휴 기간 고객센터 운영시간을 안내드립니다.','N',0,0,0,0,'Y',NULL,NULL,'USRCNFRM_00000000000','관리자','4/hNOJJJTB26aAcPzaEFoGQQ5eTP/cEzxFqbgzqHE30=','                    ',CURRENT_TIMESTAMP,'USRCNFRM_00000000000',NULL,NULL)
INSERT INTO LETTNBBS VALUES(7,'BBSMSTR_AAAAAAAAAAAA',7,'모바일 앱 2.3.0 업데이트 노트','앱 성능 개선 및 버그 수정 사항을 안내드립니다.','N',0,0,0,0,'Y',NULL,NULL,'USRCNFRM_00000000000','관리자','4/hNOJJJTB26aAcPzaEFoGQQ5eTP/cEzxFqbgzqHE30=','                    ',CURRENT_TIMESTAMP,'USRCNFRM_00000000000',NULL,NULL)
INSERT INTO LETTNBBS VALUES(8,'BBSMSTR_AAAAAAAAAAAA',8,'서버 네트워크 장애 사후 보고','09/05 네트워크 이슈 원인 및 재발 방지 대책을 공유합니다.','N',0,0,0,0,'Y',NULL,NULL,'USRCNFRM_00000000000','관리자','4/hNOJJJTB26aAcPzaEFoGQQ5eTP/cEzxFqbgzqHE30=','                    ',CURRENT_TIMESTAMP,'USRCNFRM_00000000000',NULL,NULL)
INSERT INTO LETTNBBS VALUES(9,'BBSMSTR_AAAAAAAAAAAA',9,'파트너 정책 변경 안내','파트너 심사 기준 일부 변경 사항을 안내드립니다.','N',0,0,0,0,'Y',NULL,NULL,'USRCNFRM_00000000000','관리자','4/hNOJJJTB26aAcPzaEFoGQQ5eTP/cEzxFqbgzqHE30=','                    ',CURRENT_TIMESTAMP,'USRCNFRM_00000000000',NULL,NULL)
INSERT INTO LETTNBBS VALUES(10,'BBSMSTR_AAAAAAAAAAAA',10,'데이터 백업 점검 일정 공지','정기 백업 점검에 따른 서비스 제한 시간을 안내드립니다.','N',0,0,0,0,'Y',NULL,NULL,'USRCNFRM_00000000000','관리자','4/hNOJJJTB26aAcPzaEFoGQQ5eTP/cEzxFqbgzqHE30=','                    ',CURRENT_TIMESTAMP,'USRCNFRM_00000000000',NULL,NULL)
INSERT INTO LETTNBBS VALUES(11,'BBSMSTR_AAAAAAAAAAAA',11,'FAQ 업데이트: 자주 묻는 질문','최근 문의를 반영하여 FAQ를 업데이트했습니다.','N',0,0,0,0,'Y',NULL,NULL,'USRCNFRM_00000000000','관리자','4/hNOJJJTB26aAcPzaEFoGQQ5eTP/cEzxFqbgzqHE30=','                    ',CURRENT_TIMESTAMP,'USRCNFRM_00000000000',NULL,NULL)
INSERT INTO LETTNBBS VALUES(12,'BBSMSTR_AAAAAAAAAAAA',12,'서비스 성능 개선 안내','페이지 로딩 속도 개선 및 오류율 감소 결과를 공유합니다.','N',0,0,0,0,'Y',NULL,NULL,'USRCNFRM_00000000000','관리자','4/hNOJJJTB26aAcPzaEFoGQQ5eTP/cEzxFqbgzqHE30=','                    ',CURRENT_TIMESTAMP,'USRCNFRM_00000000000',NULL,NULL)
INSERT INTO LETTNBBS VALUES(13,'BBSMSTR_AAAAAAAAAAAA',13,'회원 등급제 시범 적용 안내','일부 계정에 등급제를 시범 적용합니다.','N',0,0,0,0,'Y',NULL,NULL,'USRCNFRM_00000000000','관리자','4/hNOJJJTB26aAcPzaEFoGQQ5eTP/cEzxFqbgzqHE30=','                    ',CURRENT_TIMESTAMP,'USRCNFRM_00000000000',NULL,NULL)
INSERT INTO LETTNBBS VALUES(14,'BBSMSTR_AAAAAAAAAAAA',14,'정책 변경 사전 예고: 게시물 규칙','커뮤니티 운영 원칙 개정 계획을 사전 안내합니다.','N',0,0,0,0,'Y',NULL,NULL,'USRCNFRM_00000000000','관리자','4/hNOJJJTB26aAcPzaEFoGQQ5eTP/cEzxFqbgzqHE30=','                    ',CURRENT_TIMESTAMP,'USRCNFRM_00000000000',NULL,NULL)
INSERT INTO LETTNBBS VALUES(15,'BBSMSTR_AAAAAAAAAAAA',15,'서비스 만족도 설문 참여 요청','서비스 품질 향상을 위해 설문 참여를 부탁드립니다.','N',0,0,0,0,'Y',NULL,NULL,'USRCNFRM_00000000000','관리자','4/hNOJJJTB26aAcPzaEFoGQQ5eTP/cEzxFqbgzqHE30=','                    ',CURRENT_TIMESTAMP,'USRCNFRM_00000000000',NULL,NULL)
INSERT INTO LETTNBBS VALUES(1,'BBSMSTR_BBBBBBBBBBBB', 1,'여름 끝자락의 석양','노을이 물든 강변의 풍경을 담았습니다. 해당 데이터는 샘플 이므로 첨부파일이 존재하지 않습니다.','N',0,0,0,0,'Y','2025-09-01 00:00:00',NULL,'USRCNFRM_00000000000','관리자','4/hNOJJJTB26aAcPzaEFoGQQ5eTP/cEzxFqbgzqHE30=','                    ',CURRENT_TIMESTAMP,'USRCNFRM_00000000000',NULL,NULL)
INSERT INTO LETTNBBS VALUES(2,'BBSMSTR_BBBBBBBBBBBB', 2,'비 오는 날의 거리','물기 머금은 도심의 빛반사를 포착했습니다. 해당 데이터는 샘플 이므로 첨부파일이 존재하지 않습니다.','N',0,0,0,0,'Y',NULL,NULL,'USRCNFRM_00000000000','관리자','4/hNOJJJTB26aAcPzaEFoGQQ5eTP/cEzxFqbgzqHE30=','                    ',CURRENT_TIMESTAMP,'USRCNFRM_00000000000',NULL,NULL)
INSERT INTO LETTNBBS VALUES(3,'BBSMSTR_BBBBBBBBBBBB', 3,'카페 한 켠의 여유','따뜻한 커피 한 잔과 조용한 오후. 해당 데이터는 샘플 이므로 첨부파일이 존재하지 않습니다.','N',0,0,0,0,'Y',NULL,NULL,'USRCNFRM_00000000000','관리자','4/hNOJJJTB26aAcPzaEFoGQQ5eTP/cEzxFqbgzqHE30=','                    ',CURRENT_TIMESTAMP,'USRCNFRM_00000000000',NULL,NULL)
INSERT INTO LETTNBBS VALUES(4,'BBSMSTR_BBBBBBBBBBBB', 4,'밤하늘 은하수 타임랩스','별이 흐르는 하늘의 움직임을 담았습니다. 해당 데이터는 샘플 이므로 첨부파일이 존재하지 않습니다.','N',0,0,0,0,'Y',NULL,NULL,'USRCNFRM_00000000000','관리자','4/hNOJJJTB26aAcPzaEFoGQQ5eTP/cEzxFqbgzqHE30=','                    ',CURRENT_TIMESTAMP,'USRCNFRM_00000000000',NULL,NULL)
INSERT INTO LETTNBBS VALUES(5,'BBSMSTR_BBBBBBBBBBBB', 5,'초가을 숲길 산책','바스락거리는 낙엽과 함께 걷는 길. 해당 데이터는 샘플 이므로 첨부파일이 존재하지 않습니다.','N',0,0,0,0,'Y',NULL,NULL,'USRCNFRM_00000000000','관리자','4/hNOJJJTB26aAcPzaEFoGQQ5eTP/cEzxFqbgzqHE30=','                    ',CURRENT_TIMESTAMP,'USRCNFRM_00000000000',NULL,NULL)
INSERT INTO LETTNBBS VALUES(6,'BBSMSTR_BBBBBBBBBBBB', 6,'도시의 파란 새벽','해 뜨기 전 푸른 시간의 도시를 기록했습니다. 해당 데이터는 샘플 이므로 첨부파일이 존재하지 않습니다.','N',0,0,0,0,'Y',NULL,NULL,'USRCNFRM_00000000000','관리자','4/hNOJJJTB26aAcPzaEFoGQQ5eTP/cEzxFqbgzqHE30=','                    ',CURRENT_TIMESTAMP,'USRCNFRM_00000000000',NULL,NULL)
INSERT INTO LETTNBBS VALUES(7,'BBSMSTR_BBBBBBBBBBBB', 7,'바닷가 파도 스냅','밀려왔다 사라지는 파도의 리듬. 해당 데이터는 샘플 이므로 첨부파일이 존재하지 않습니다.','N',0,0,0,0,'Y',NULL,NULL,'USRCNFRM_00000000000','관리자','4/hNOJJJTB26aAcPzaEFoGQQ5eTP/cEzxFqbgzqHE30=','                    ',CURRENT_TIMESTAMP,'USRCNFRM_00000000000',NULL,NULL)
INSERT INTO LETTNBBS VALUES(8,'BBSMSTR_BBBBBBBBBBBB', 8,'골목의 작은 꽃집','향기 가득한 작은 공간을 담았습니다. 해당 데이터는 샘플 이므로 첨부파일이 존재하지 않습니다.','N',0,0,0,0,'Y',NULL,NULL,'USRCNFRM_00000000000','관리자','4/hNOJJJTB26aAcPzaEFoGQQ5eTP/cEzxFqbgzqHE30=','                    ',CURRENT_TIMESTAMP,'USRCNFRM_00000000000',NULL,NULL)
INSERT INTO LETTNBBS VALUES(9,'BBSMSTR_BBBBBBBBBBBB', 9,'지붕 위의 고양이','햇살을 즐기는 고양이의 한낮. 해당 데이터는 샘플 이므로 첨부파일이 존재하지 않습니다.','N',0,0,0,0,'Y',NULL,NULL,'USRCNFRM_00000000000','관리자','4/hNOJJJTB26aAcPzaEFoGQQ5eTP/cEzxFqbgzqHE30=','                    ',CURRENT_TIMESTAMP,'USRCNFRM_00000000000',NULL,NULL)
INSERT INTO LETTNBBS VALUES(10,'BBSMSTR_BBBBBBBBBBBB',10,'가을 하늘 구름 기록','시간에 따라 변하는 구름의 표정. 해당 데이터는 샘플 이므로 첨부파일이 존재하지 않습니다.','N',0,0,0,0,'Y',NULL,NULL,'USRCNFRM_00000000000','관리자','4/hNOJJJTB26aAcPzaEFoGQQ5eTP/cEzxFqbgzqHE30=','                    ',CURRENT_TIMESTAMP,'USRCNFRM_00000000000',NULL,NULL)
INSERT INTO LETTNBBS VALUES(11,'BBSMSTR_BBBBBBBBBBBB',11,'야경 속 빛의 궤적','도심 교차로의 장노출 스냅. 해당 데이터는 샘플 이므로 첨부파일이 존재하지 않습니다.','N',0,0,0,0,'Y',NULL,NULL,'USRCNFRM_00000000000','관리자','4/hNOJJJTB26aAcPzaEFoGQQ5eTP/cEzxFqbgzqHE30=','                    ',CURRENT_TIMESTAMP,'USRCNFRM_00000000000',NULL,NULL)
INSERT INTO LETTNBBS VALUES(12,'BBSMSTR_BBBBBBBBBBBB',12,'도서관의 조용한 오후','햇살 내리쬐는 독서 공간. 해당 데이터는 샘플 이므로 첨부파일이 존재하지 않습니다.','N',0,0,0,0,'Y',NULL,NULL,'USRCNFRM_00000000000','관리자','4/hNOJJJTB26aAcPzaEFoGQQ5eTP/cEzxFqbgzqHE30=','                    ',CURRENT_TIMESTAMP,'USRCNFRM_00000000000',NULL,NULL)
INSERT INTO LETTNBBS VALUES(13,'BBSMSTR_BBBBBBBBBBBB',13,'골든아워의 다리 위에서','노을빛에 물든 도시의 실루엣. 해당 데이터는 샘플 이므로 첨부파일이 존재하지 않습니다.','N',0,0,0,0,'Y',NULL,NULL,'USRCNFRM_00000000000','관리자','4/hNOJJJTB26aAcPzaEFoGQQ5eTP/cEzxFqbgzqHE30=','                    ',CURRENT_TIMESTAMP,'USRCNFRM_00000000000',NULL,NULL)
INSERT INTO LETTNBBS VALUES(14,'BBSMSTR_BBBBBBBBBBBB',14,'창문 너머의 비','유리창에 맺힌 물방울의 패턴. 해당 데이터는 샘플 이므로 첨부파일이 존재하지 않습니다.','N',0,0,0,0,'Y',NULL,NULL,'USRCNFRM_00000000000','관리자','4/hNOJJJTB26aAcPzaEFoGQQ5eTP/cEzxFqbgzqHE30=','                    ',CURRENT_TIMESTAMP,'USRCNFRM_00000000000',NULL,NULL)
INSERT INTO LETTNBBS VALUES(15,'BBSMSTR_BBBBBBBBBBBB',15,'도시 공원의 아침 산책','이른 시간의 상쾌한 공기를 담았습니다. 해당 데이터는 샘플 이므로 첨부파일이 존재하지 않습니다.','N',0,0,0,0,'Y',NULL,NULL,'USRCNFRM_00000000000','관리자','4/hNOJJJTB26aAcPzaEFoGQQ5eTP/cEzxFqbgzqHE30=','                    ',CURRENT_TIMESTAMP,'USRCNFRM_00000000000',NULL,NULL)
INSERT INTO LETTNEMPLYRINFO VALUES('admin','ORGNZT_0000000000000','관리자','JfQ7FIatlaE5jj7rPYO8QBABX8yb7bNbQy4AKY1QIfc=','','','F','','','관리자 주소','','','','','','','','','','','','GROUP_00000000000000','00000000','P','USRCNFRM_00000000000','','2011-08-31 00:00:00.000000000')
INSERT INTO LETTNEMPLYRINFO VALUES('user','ORGNZT_0000000000000','사용자','CgQblGLKpKMbrDVn4Lbm/ZEAeH2yq0M9lvbReMq/zpA=','','','F','','','사용자 주소','','','','','','','','','','','','GROUP_00000000000001','00000000','P','USRCNFRM_00000000001','','2011-08-31 00:00:00.000000000')
INSERT INTO IDS VALUES('BBS_ID',1)
INSERT INTO IDS VALUES('FILE_ID',1)
INSERT INTO IDS VALUES('SAMPLE',1)
INSERT INTO IDS VALUES('SCHDUL_ID',1)
INSERT INTO IDS VALUES('TMPLAT_ID',1)
INSERT INTO COMTECOPSEQ VALUES ('USRCNFRM_ID',20)